[
    {
        "_id": "62e2f88a2c7813c13ae36c76",
        "index": 0,
        "guid": "3173c05f-938e-4b4b-8fb9-51b6d096c66f",
        "isActive": true,
        "balance": "$2,637.19",
        "picture": "http://placehold.it/32x32",
        "age": 33,
        "eyeColor": "green",
        "name": "Flores Freeman",
        "gender": "male",
        "company": "CANOPOLY",
        "email": "floresfreeman@canopoly.com",
        "phone": "+1 (979) 446-2387",
        "address": "439 Bond Street, Blende, Connecticut, 1814",
        "about": "Aliquip officia sint sit veniam do ex eu officia officia anim exercitation ut est veniam. Est ea fugiat exercitation ipsum quis exercitation. Ipsum excepteur eu irure est cupidatat ex consectetur eiusmod. Quis non aute officia anim consequat ea ad aliquip eu nostrud tempor velit.\r\n",
        "registered": "2016-02-13T08:38:30 -02:00",
        "latitude": -9.228436,
        "longitude": 90.254984,
        "tags": [
            "ullamco",
            "esse",
            "incididunt",
            "elit",
            "culpa",
            "ipsum",
            "dolor"
        ],
        "friends": [
            {
                "id": 0,
                "name": "Oconnor Crawford"
            },
            {
                "id": 1,
                "name": "Patel Wilson"
            },
            {
                "id": 2,
                "name": "Hobbs Rios"
            }
        ],
        "greeting": "Hello, Flores Freeman! You have 3 unread messages.",
        "favoriteFruit": "apple"
    }
]