[
    {
        "_id": "62e2f88a877099c5d30ccb44",
        "index": 1,
        "guid": "5db53fa8-6699-417e-a742-86c73fac47f8",
        "isActive": false,
        "balance": "$1,528.72",
        "picture": "http://placehold.it/32x32",
        "age": 23,
        "eyeColor": "green",
        "name": "Sanford Hardin",
        "gender": "male",
        "company": "WRAPTURE",
        "email": "sanfordhardin@wrapture.com",
        "phone": "+1 (875) 492-3425",
        "address": "747 Bragg Street, Chical, Vermont, 9806",
        "about": "Laborum reprehenderit magna et reprehenderit qui reprehenderit ea amet laboris dolore. Officia ex culpa commodo Lorem exercitation consectetur culpa reprehenderit do laboris occaecat. Irure pariatur id reprehenderit sit consectetur deserunt. Eiusmod aliqua aliquip anim cupidatat id. Fugiat ullamco eu qui consequat pariatur in minim. Sunt qui ipsum pariatur mollit non incididunt nisi. Ea eu magna dolor excepteur commodo anim ipsum ex incididunt adipisicing dolore id nulla labore.\r\n",
        "registered": "2015-02-08T10:04:37 -02:00",
        "latitude": 17.53178,
        "longitude": -32.387918,
        "tags": [
            "adipisicing",
            "laboris",
            "ad",
            "fugiat",
            "nulla",
            "labore",
            "nostrud"
        ],
        "friends": [
            {
                "id": 0,
                "name": "Bettie Palmer"
            },
            {
                "id": 1,
                "name": "Casey Simon"
            },
            {
                "id": 2,
                "name": "Norman Mathews"
            }
        ],
        "greeting": "Hello, Sanford Hardin! You have 5 unread messages.",
        "favoriteFruit": "strawberry"
    }
]