[
    {
        "_id": "62e2f88a4729ae057b82bd3c",
        "index": 2,
        "guid": "fc2db9f7-8981-4393-9034-45a85802771a",
        "isActive": true,
        "balance": "$2,883.11",
        "picture": "http://placehold.it/32x32",
        "age": 27,
        "eyeColor": "blue",
        "name": "Jeannie Riggs",
        "gender": "female",
        "company": "GEEKKO",
        "email": "jeannieriggs@geekko.com",
        "phone": "+1 (983) 504-2561",
        "address": "600 Harway Avenue, Sunnyside, Maine, 3329",
        "about": "Ea veniam consequat ad magna. Nulla adipisicing ut sint sint eiusmod elit culpa excepteur commodo irure cupidatat incididunt est. Voluptate pariatur proident est velit tempor cillum pariatur. Exercitation quis aute tempor ipsum proident mollit consectetur cillum. Eiusmod esse quis ut adipisicing cupidatat consectetur.\r\n",
        "registered": "2021-06-27T11:37:05 -02:00",
        "latitude": -16.907045,
        "longitude": 125.49032,
        "tags": [
            "excepteur",
            "sint",
            "consequat",
            "esse",
            "sint",
            "dolore",
            "aliquip"
        ],
        "friends": [
            {
                "id": 0,
                "name": "Obrien Sweeney"
            },
            {
                "id": 1,
                "name": "Jodie Whitfield"
            },
            {
                "id": 2,
                "name": "Newton Figueroa"
            }
        ],
        "greeting": "Hello, Jeannie Riggs! You have 4 unread messages.",
        "favoriteFruit": "apple"
    }
]