[
    {
        "_id": "62e2f88a95756bbf4d991d90",
        "index": 3,
        "guid": "484680ad-12d1-4478-9eae-d889de784cf5",
        "isActive": false,
        "balance": "$1,450.84",
        "picture": "http://placehold.it/32x32",
        "age": 20,
        "eyeColor": "brown",
        "name": "Ellison Patton",
        "gender": "male",
        "company": "XSPORTS",
        "email": "ellisonpatton@xsports.com",
        "phone": "+1 (875) 445-2267",
        "address": "621 Diamond Street, Ogema, Massachusetts, 6936",
        "about": "Sint magna ut et magna occaecat do amet ipsum. Sit nisi nulla incididunt reprehenderit ex anim officia elit anim id ex velit. Labore in elit enim duis dolore ad est in adipisicing sint irure duis. Magna incididunt culpa occaecat sint nostrud exercitation mollit cillum sint. Veniam magna esse adipisicing veniam anim. Commodo eu aliquip nostrud qui eiusmod in in excepteur adipisicing excepteur. Commodo excepteur sunt velit est.\r\n",
        "registered": "2014-04-18T05:34:57 -02:00",
        "latitude": 43.877912,
        "longitude": 176.812905,
        "tags": [
            "commodo",
            "nostrud",
            "in",
            "id",
            "ullamco",
            "pariatur",
            "culpa"
        ],
        "friends": [
            {
                "id": 0,
                "name": "Morales Daugherty"
            },
            {
                "id": 1,
                "name": "Kramer Booth"
            },
            {
                "id": 2,
                "name": "Karina Kane"
            }
        ],
        "greeting": "Hello, Ellison Patton! You have 10 unread messages.",
        "favoriteFruit": "strawberry"
    }
]