[
    {
        "_id": "62e2f88a26d59caa1a7ad602",
        "index": 4,
        "guid": "83aace12-fbf7-4c62-9a8a-23fe160c3dec",
        "isActive": false,
        "balance": "$3,405.01",
        "picture": "http://placehold.it/32x32",
        "age": 20,
        "eyeColor": "green",
        "name": "Florine Hart",
        "gender": "female",
        "company": "ONTALITY",
        "email": "florinehart@ontality.com",
        "phone": "+1 (891) 572-3130",
        "address": "810 Burnett Street, Leming, Arizona, 9755",
        "about": "Labore eu ullamco deserunt cillum laboris qui enim minim consectetur voluptate exercitation esse ipsum. Ullamco qui adipisicing ad mollit exercitation exercitation laboris id id est. Ea ullamco ex fugiat nulla non cupidatat minim mollit fugiat proident qui. Consectetur anim qui ad deserunt eu dolor excepteur fugiat ad irure. Culpa elit veniam fugiat ea cupidatat.\r\n",
        "registered": "2018-08-08T10:23:49 -02:00",
        "latitude": 8.610174,
        "longitude": -56.221747,
        "tags": [
            "sint",
            "id",
            "aliquip",
            "ea",
            "excepteur",
            "quis",
            "sint"
        ],
        "friends": [
            {
                "id": 0,
                "name": "Vasquez Wright"
            },
            {
                "id": 1,
                "name": "Houston Jimenez"
            },
            {
                "id": 2,
                "name": "Davidson Mooney"
            }
        ],
        "greeting": "Hello, Florine Hart! You have 3 unread messages.",
        "favoriteFruit": "strawberry"
    }
]