[
    {
        "_id": "62e2f88a0ad7dfe93e772515",
        "index": 5,
        "guid": "680e7186-c2b0-4a6c-a64e-f0a5b2426bfb",
        "isActive": true,
        "balance": "$2,814.15",
        "picture": "http://placehold.it/32x32",
        "age": 25,
        "eyeColor": "green",
        "name": "Hanson Houston",
        "gender": "male",
        "company": "ROBOID",
        "email": "hansonhouston@roboid.com",
        "phone": "+1 (994) 475-3990",
        "address": "514 Fane Court, Cliff, Texas, 511",
        "about": "Sint aliqua consequat quis tempor labore reprehenderit incididunt id pariatur. Do cupidatat tempor magna ex eiusmod esse. Adipisicing proident non deserunt eu. Magna anim sint incididunt eu anim labore tempor.\r\n",
        "registered": "2014-09-24T12:27:29 -02:00",
        "latitude": 78.92029,
        "longitude": 53.680841,
        "tags": [
            "sunt",
            "ipsum",
            "sit",
            "sunt",
            "dolor",
            "officia",
            "tempor"
        ],
        "friends": [
            {
                "id": 0,
                "name": "Owens Watts"
            },
            {
                "id": 1,
                "name": "Mcfarland Dunlap"
            },
            {
                "id": 2,
                "name": "Tamra Bradley"
            }
        ],
        "greeting": "Hello, Hanson Houston! You have 7 unread messages.",
        "favoriteFruit": "strawberry"
    }
]