[
    {
        "_id": "62e2f88a33e5249f4c74919c",
        "index": 6,
        "guid": "f92931f4-1749-4a37-95f4-8f1d1c9fe9a2",
        "isActive": true,
        "balance": "$1,991.09",
        "picture": "http://placehold.it/32x32",
        "age": 32,
        "eyeColor": "green",
        "name": "Everett Cash",
        "gender": "male",
        "company": "DOGSPA",
        "email": "everettcash@dogspa.com",
        "phone": "+1 (807) 583-3848",
        "address": "475 Turner Place, Yardville, Washington, 8388",
        "about": "Cupidatat quis ipsum quis et aliquip amet nostrud amet dolor proident ut. Qui exercitation amet reprehenderit duis. Culpa reprehenderit laborum velit amet culpa. Ex excepteur excepteur ullamco amet sint pariatur. Elit aliquip adipisicing ex cupidatat mollit pariatur ipsum reprehenderit nisi consectetur labore. Sit ut veniam et tempor aliquip nisi esse.\r\n",
        "registered": "2020-12-01T03:05:15 -02:00",
        "latitude": -78.379867,
        "longitude": 117.876651,
        "tags": [
            "sint",
            "duis",
            "labore",
            "sint",
            "pariatur",
            "esse",
            "do"
        ],
        "friends": [
            {
                "id": 0,
                "name": "Bridgette Hull"
            },
            {
                "id": 1,
                "name": "Della Sloan"
            },
            {
                "id": 2,
                "name": "Head Keller"
            }
        ],
        "greeting": "Hello, Everett Cash! You have 5 unread messages.",
        "favoriteFruit": "strawberry"
    }
]